{"assets/countrycodes.json":["assets/countrycodes.json"],"assets/fonts/Nunito-Bold.ttf":["assets/fonts/Nunito-Bold.ttf"],"assets/fonts/Nunito-Regular.ttf":["assets/fonts/Nunito-Regular.ttf"],"assets/fonts/Ubuntu-Bold.ttf":["assets/fonts/Ubuntu-Bold.ttf"],"assets/fonts/Ubuntu-Regular.ttf":["assets/fonts/Ubuntu-Regular.ttf"],"assets/img/1.png":["assets/img/1.png"],"assets/img/2.png":["assets/img/2.png"],"assets/img/5.png":["assets/img/5.png"],"assets/img/Future.png":["assets/img/Future.png"],"assets/img/api.png":["assets/img/api.png"],"assets/img/assets.svg":["assets/img/assets.svg"],"assets/img/backgroundimgae.jpg":["assets/img/backgroundimgae.jpg"],"assets/img/banner1.jpg":["assets/img/banner1.jpg"],"assets/img/bnb2.png":["assets/img/bnb2.png"],"assets/img/chart.png":["assets/img/chart.png"],"assets/img/chat.svg":["assets/img/chat.svg"],"assets/img/click.png":["assets/img/click.png"],"assets/img/commingsoon.png":["assets/img/commingsoon.png"],"assets/img/cycle.png":["assets/img/cycle.png"],"assets/img/diamond.png":["assets/img/diamond.png"],"assets/img/email.png":["assets/img/email.png"],"assets/img/ethereum.jpg":["assets/img/ethereum.jpg"],"assets/img/facebook.png":["assets/img/facebook.png"],"assets/img/feedback.svg":["assets/img/feedback.svg"],"assets/img/filter.png":["assets/img/filter.png"],"assets/img/future_trading.png":["assets/img/future_trading.png"],"assets/img/home.svg":["assets/img/home.svg"],"assets/img/huboi.png":["assets/img/huboi.png"],"assets/img/image2.jpg":["assets/img/image2.jpg"],"assets/img/instagram.png":["assets/img/instagram.png"],"assets/img/invitefriend.png":["assets/img/invitefriend.png"],"assets/img/kbsplash.gif":["assets/img/kbsplash.gif"],"assets/img/kbsplash_del.gif":["assets/img/kbsplash_del.gif"],"assets/img/like.svg":["assets/img/like.svg"],"assets/img/linkedin.png":["assets/img/linkedin.png"],"assets/img/login_img.png":["assets/img/login_img.png"],"assets/img/login_img_del.png":["assets/img/login_img_del.png"],"assets/img/loginimg.png":["assets/img/loginimg.png"],"assets/img/logo.png":["assets/img/logo.png"],"assets/img/logout.svg":["assets/img/logout.svg"],"assets/img/make_money.png":["assets/img/make_money.png"],"assets/img/message.svg":["assets/img/message.svg"],"assets/img/money-withdrawal.png":["assets/img/money-withdrawal.png"],"assets/img/money.png":["assets/img/money.png"],"assets/img/notification.svg":["assets/img/notification.svg"],"assets/img/okx.jpeg":["assets/img/okx.jpeg"],"assets/img/pause.png":["assets/img/pause.png"],"assets/img/pie.png":["assets/img/pie.png"],"assets/img/profileuser.png":["assets/img/profileuser.png"],"assets/img/robot.svg":["assets/img/robot.svg"],"assets/img/rocket.png":["assets/img/rocket.png"],"assets/img/sell.png":["assets/img/sell.png"],"assets/img/signup.svg":["assets/img/signup.svg"],"assets/img/spot_trading.png":["assets/img/spot_trading.png"],"assets/img/start.png":["assets/img/start.png"],"assets/img/stock.png":["assets/img/stock.png"],"assets/img/strategy.png":["assets/img/strategy.png"],"assets/img/team-leader-svgrepo-com.svg":["assets/img/team-leader-svgrepo-com.svg"],"assets/img/team.png":["assets/img/team.png"],"assets/img/telegram.png":["assets/img/telegram.png"],"assets/img/telephone.png":["assets/img/telephone.png"],"assets/img/trade.svg":["assets/img/trade.svg"],"assets/img/tradingbot.png":["assets/img/tradingbot.png"],"assets/img/tradingbotold.png":["assets/img/tradingbotold.png"],"assets/img/transaction.png":["assets/img/transaction.png"],"assets/img/transaction.svg":["assets/img/transaction.svg"],"assets/img/ufo.svg":["assets/img/ufo.svg"],"assets/img/user.png":["assets/img/user.png"],"assets/img/user.svg":["assets/img/user.svg"],"assets/img/user1.svg":["assets/img/user1.svg"],"assets/img/userguide.png":["assets/img/userguide.png"],"assets/img/vactor.png":["assets/img/vactor.png"],"assets/img/video.png":["assets/img/video.png"],"assets/img/vip.png":["assets/img/vip.png"],"assets/img/whatsapp.png":["assets/img/whatsapp.png"],"assets/img/youtube.png":["assets/img/youtube.png"],"assets/lotties/coming.json":["assets/lotties/coming.json"],"assets/lotties/coming_soon.json":["assets/lotties/coming_soon.json"],"assets/lotties/comingsoon.json":["assets/lotties/comingsoon.json"],"assets/lotties/loading_indicator.json":["assets/lotties/loading_indicator.json"],"packages/cupertino_icons/assets/CupertinoIcons.ttf":["packages/cupertino_icons/assets/CupertinoIcons.ttf"],"packages/flutter_inappwebview/assets/t_rex_runner/t-rex.css":["packages/flutter_inappwebview/assets/t_rex_runner/t-rex.css"],"packages/flutter_inappwebview/assets/t_rex_runner/t-rex.html":["packages/flutter_inappwebview/assets/t_rex_runner/t-rex.html"],"packages/flutter_math_fork/lib/katex_fonts/fonts/KaTeX_AMS-Regular.ttf":["packages/flutter_math_fork/lib/katex_fonts/fonts/KaTeX_AMS-Regular.ttf"],"packages/flutter_math_fork/lib/katex_fonts/fonts/KaTeX_Caligraphic-Bold.ttf":["packages/flutter_math_fork/lib/katex_fonts/fonts/KaTeX_Caligraphic-Bold.ttf"],"packages/flutter_math_fork/lib/katex_fonts/fonts/KaTeX_Caligraphic-Regular.ttf":["packages/flutter_math_fork/lib/katex_fonts/fonts/KaTeX_Caligraphic-Regular.ttf"],"packages/flutter_math_fork/lib/katex_fonts/fonts/KaTeX_Fraktur-Bold.ttf":["packages/flutter_math_fork/lib/katex_fonts/fonts/KaTeX_Fraktur-Bold.ttf"],"packages/flutter_math_fork/lib/katex_fonts/fonts/KaTeX_Fraktur-Regular.ttf":["packages/flutter_math_fork/lib/katex_fonts/fonts/KaTeX_Fraktur-Regular.ttf"],"packages/flutter_math_fork/lib/katex_fonts/fonts/KaTeX_Main-Bold.ttf":["packages/flutter_math_fork/lib/katex_fonts/fonts/KaTeX_Main-Bold.ttf"],"packages/flutter_math_fork/lib/katex_fonts/fonts/KaTeX_Main-BoldItalic.ttf":["packages/flutter_math_fork/lib/katex_fonts/fonts/KaTeX_Main-BoldItalic.ttf"],"packages/flutter_math_fork/lib/katex_fonts/fonts/KaTeX_Main-Italic.ttf":["packages/flutter_math_fork/lib/katex_fonts/fonts/KaTeX_Main-Italic.ttf"],"packages/flutter_math_fork/lib/katex_fonts/fonts/KaTeX_Main-Regular.ttf":["packages/flutter_math_fork/lib/katex_fonts/fonts/KaTeX_Main-Regular.ttf"],"packages/flutter_math_fork/lib/katex_fonts/fonts/KaTeX_Math-BoldItalic.ttf":["packages/flutter_math_fork/lib/katex_fonts/fonts/KaTeX_Math-BoldItalic.ttf"],"packages/flutter_math_fork/lib/katex_fonts/fonts/KaTeX_Math-Italic.ttf":["packages/flutter_math_fork/lib/katex_fonts/fonts/KaTeX_Math-Italic.ttf"],"packages/flutter_math_fork/lib/katex_fonts/fonts/KaTeX_SansSerif-Bold.ttf":["packages/flutter_math_fork/lib/katex_fonts/fonts/KaTeX_SansSerif-Bold.ttf"],"packages/flutter_math_fork/lib/katex_fonts/fonts/KaTeX_SansSerif-Italic.ttf":["packages/flutter_math_fork/lib/katex_fonts/fonts/KaTeX_SansSerif-Italic.ttf"],"packages/flutter_math_fork/lib/katex_fonts/fonts/KaTeX_SansSerif-Regular.ttf":["packages/flutter_math_fork/lib/katex_fonts/fonts/KaTeX_SansSerif-Regular.ttf"],"packages/flutter_math_fork/lib/katex_fonts/fonts/KaTeX_Script-Regular.ttf":["packages/flutter_math_fork/lib/katex_fonts/fonts/KaTeX_Script-Regular.ttf"],"packages/flutter_math_fork/lib/katex_fonts/fonts/KaTeX_Size1-Regular.ttf":["packages/flutter_math_fork/lib/katex_fonts/fonts/KaTeX_Size1-Regular.ttf"],"packages/flutter_math_fork/lib/katex_fonts/fonts/KaTeX_Size2-Regular.ttf":["packages/flutter_math_fork/lib/katex_fonts/fonts/KaTeX_Size2-Regular.ttf"],"packages/flutter_math_fork/lib/katex_fonts/fonts/KaTeX_Size3-Regular.ttf":["packages/flutter_math_fork/lib/katex_fonts/fonts/KaTeX_Size3-Regular.ttf"],"packages/flutter_math_fork/lib/katex_fonts/fonts/KaTeX_Size4-Regular.ttf":["packages/flutter_math_fork/lib/katex_fonts/fonts/KaTeX_Size4-Regular.ttf"],"packages/flutter_math_fork/lib/katex_fonts/fonts/KaTeX_Typewriter-Regular.ttf":["packages/flutter_math_fork/lib/katex_fonts/fonts/KaTeX_Typewriter-Regular.ttf"],"packages/toast/assets/toastify.css":["packages/toast/assets/toastify.css"],"packages/toast/assets/toastify.js":["packages/toast/assets/toastify.js"],"packages/wakelock_web/assets/no_sleep.js":["packages/wakelock_web/assets/no_sleep.js"],"packages/youtube_player_flutter/assets/speedometer.webp":["packages/youtube_player_flutter/assets/speedometer.webp"]}