{"v":"5.5.8","fr":30,"ip":0,"op":120,"w":250,"h":250,"nm":"Comp 1","ddd":0,"assets":[],"layers":[{"ddd":0,"ind":1,"ty":4,"nm":"Shape Layer 2","sr":1,"ks":{"o":{"a":0,"k":100,"ix":11},"r":{"a":0,"k":-45,"ix":10},"p":{"a":0,"k":[217,189,0],"ix":2},"a":{"a":0,"k":[-39,-62,0],"ix":1},"s":{"a":1,"k":[{"i":{"x":[0.667,0.667,0.667],"y":[1,1,1]},"o":{"x":[0.167,0.167,0.167],"y":[0.167,0.167,16.667]},"t":21,"s":[0,0,100]},{"i":{"x":[0.833,0.833,0.833],"y":[0.833,0.833,0.833]},"o":{"x":[0.167,0.167,0.167],"y":[0.167,0.167,0.167]},"t":28,"s":[100,100,100]},{"t":39,"s":[53.010000000000005,53.010000000000005,100]}],"ix":6}},"ao":0,"shapes":[{"ty":"gr","it":[{"ty":"sr","sy":1,"d":1,"pt":{"a":0,"k":5,"ix":3},"p":{"a":0,"k":[0,0],"ix":4},"r":{"a":0,"k":0,"ix":5},"ir":{"a":0,"k":8.661,"ix":6},"is":{"a":0,"k":0,"ix":8},"or":{"a":0,"k":17.322,"ix":7},"os":{"a":0,"k":0,"ix":9},"ix":1,"nm":"Polystar Path 1","mn":"ADBE Vector Shape - Star","hd":false},{"ty":"st","c":{"a":0,"k":[0,0.8667,0.702,1],"ix":3},"o":{"a":0,"k":100,"ix":4},"w":{"a":0,"k":0,"ix":5},"lc":1,"lj":1,"ml":4,"bm":0,"nm":"Stroke 1","mn":"ADBE Vector Graphic - Stroke","hd":false},{"ty":"fl","c":{"a":0,"k":[0.0765,0.8235,0.6865,1],"ix":4},"o":{"a":0,"k":100,"ix":5},"r":1,"bm":0,"nm":"Fill 1","mn":"ADBE Vector Graphic - Fill","hd":false},{"ty":"tr","p":{"a":0,"k":[-38.449,-63.207],"ix":2},"a":{"a":0,"k":[0,0],"ix":1},"s":{"a":0,"k":[100,100],"ix":3},"r":{"a":0,"k":0,"ix":6},"o":{"a":0,"k":100,"ix":7},"sk":{"a":0,"k":0,"ix":4},"sa":{"a":0,"k":0,"ix":5},"nm":"Transform"}],"nm":"Polystar 1","np":3,"cix":2,"bm":0,"ix":1,"mn":"ADBE Vector Group","hd":false}],"ip":20,"op":722,"st":2,"bm":0},{"ddd":0,"ind":2,"ty":4,"nm":"Shape Layer 3","sr":1,"ks":{"o":{"a":0,"k":100,"ix":11},"r":{"a":0,"k":25.673,"ix":10},"p":{"a":0,"k":[72,70,0],"ix":2},"a":{"a":0,"k":[-39,-62,0],"ix":1},"s":{"a":1,"k":[{"i":{"x":[0.667,0.667,0.667],"y":[1,1,1]},"o":{"x":[0.167,0.167,0.167],"y":[0.167,0.167,16.667]},"t":31,"s":[0,0,100]},{"t":38,"s":[100,100,100]}],"ix":6}},"ao":0,"shapes":[{"ty":"gr","it":[{"ty":"sr","sy":1,"d":1,"pt":{"a":0,"k":5,"ix":3},"p":{"a":0,"k":[0,0],"ix":4},"r":{"a":0,"k":0,"ix":5},"ir":{"a":0,"k":8.661,"ix":6},"is":{"a":0,"k":0,"ix":8},"or":{"a":0,"k":17.322,"ix":7},"os":{"a":0,"k":0,"ix":9},"ix":1,"nm":"Polystar Path 1","mn":"ADBE Vector Shape - Star","hd":false},{"ty":"st","c":{"a":0,"k":[0,0.8667,0.702,1],"ix":3},"o":{"a":0,"k":100,"ix":4},"w":{"a":0,"k":0,"ix":5},"lc":1,"lj":1,"ml":4,"bm":0,"nm":"Stroke 1","mn":"ADBE Vector Graphic - Stroke","hd":false},{"ty":"fl","c":{"a":0,"k":[0.0765,0.8235,0.6865,1],"ix":4},"o":{"a":0,"k":100,"ix":5},"r":1,"bm":0,"nm":"Fill 1","mn":"ADBE Vector Graphic - Fill","hd":false},{"ty":"tr","p":{"a":0,"k":[-38.449,-63.207],"ix":2},"a":{"a":0,"k":[0,0],"ix":1},"s":{"a":0,"k":[100,100],"ix":3},"r":{"a":0,"k":0,"ix":6},"o":{"a":0,"k":100,"ix":7},"sk":{"a":0,"k":0,"ix":4},"sa":{"a":0,"k":0,"ix":5},"nm":"Transform"}],"nm":"Polystar 1","np":3,"cix":2,"bm":0,"ix":1,"mn":"ADBE Vector Group","hd":false}],"ip":30,"op":732,"st":12,"bm":0},{"ddd":0,"ind":3,"ty":4,"nm":"Shape Layer 4","sr":1,"ks":{"o":{"a":0,"k":100,"ix":11},"r":{"a":0,"k":41.186,"ix":10},"p":{"a":0,"k":[182,209,0],"ix":2},"a":{"a":0,"k":[-39,-62,0],"ix":1},"s":{"a":1,"k":[{"i":{"x":[0.667,0.667,0.667],"y":[1,1,1]},"o":{"x":[0.167,0.167,0.167],"y":[0.167,0.167,16.667]},"t":41,"s":[0,0,100]},{"t":48,"s":[100,100,100]}],"ix":6}},"ao":0,"shapes":[{"ty":"gr","it":[{"ty":"sr","sy":1,"d":1,"pt":{"a":0,"k":5,"ix":3},"p":{"a":0,"k":[0,0],"ix":4},"r":{"a":0,"k":0,"ix":5},"ir":{"a":0,"k":8.661,"ix":6},"is":{"a":0,"k":0,"ix":8},"or":{"a":0,"k":17.322,"ix":7},"os":{"a":0,"k":0,"ix":9},"ix":1,"nm":"Polystar Path 1","mn":"ADBE Vector Shape - Star","hd":false},{"ty":"st","c":{"a":0,"k":[0,0.8667,0.702,1],"ix":3},"o":{"a":0,"k":100,"ix":4},"w":{"a":0,"k":0,"ix":5},"lc":1,"lj":1,"ml":4,"bm":0,"nm":"Stroke 1","mn":"ADBE Vector Graphic - Stroke","hd":false},{"ty":"fl","c":{"a":0,"k":[0.0765,0.8235,0.6865,1],"ix":4},"o":{"a":0,"k":100,"ix":5},"r":1,"bm":0,"nm":"Fill 1","mn":"ADBE Vector Graphic - Fill","hd":false},{"ty":"tr","p":{"a":0,"k":[-38.449,-63.207],"ix":2},"a":{"a":0,"k":[0,0],"ix":1},"s":{"a":0,"k":[100,100],"ix":3},"r":{"a":0,"k":0,"ix":6},"o":{"a":0,"k":100,"ix":7},"sk":{"a":0,"k":0,"ix":4},"sa":{"a":0,"k":0,"ix":5},"nm":"Transform"}],"nm":"Polystar 1","np":3,"cix":2,"bm":0,"ix":1,"mn":"ADBE Vector Group","hd":false}],"ip":40,"op":742,"st":22,"bm":0},{"ddd":0,"ind":4,"ty":4,"nm":"Shape Layer 5","sr":1,"ks":{"o":{"a":0,"k":100,"ix":11},"r":{"a":0,"k":0,"ix":10},"p":{"a":0,"k":[202.99999999999997,75,0],"ix":2},"a":{"a":0,"k":[-39,-62,0],"ix":1},"s":{"a":1,"k":[{"i":{"x":[0.667,0.667,0.667],"y":[1,1,1]},"o":{"x":[0.167,0.167,0.167],"y":[0.167,0.167,16.667]},"t":50,"s":[0,0,100]},{"i":{"x":[0.833,0.833,0.833],"y":[0.833,0.833,0.833]},"o":{"x":[0.167,0.167,0.167],"y":[0.167,0.167,0.167]},"t":57,"s":[100,100,100]},{"t":64,"s":[56.04,56.04,100]}],"ix":6}},"ao":0,"shapes":[{"ty":"gr","it":[{"ty":"sr","sy":1,"d":1,"pt":{"a":0,"k":5,"ix":3},"p":{"a":0,"k":[0,0],"ix":4},"r":{"a":0,"k":0,"ix":5},"ir":{"a":0,"k":8.661,"ix":6},"is":{"a":0,"k":0,"ix":8},"or":{"a":0,"k":17.322,"ix":7},"os":{"a":0,"k":0,"ix":9},"ix":1,"nm":"Polystar Path 1","mn":"ADBE Vector Shape - Star","hd":false},{"ty":"st","c":{"a":0,"k":[0,0.8667,0.702,1],"ix":3},"o":{"a":0,"k":100,"ix":4},"w":{"a":0,"k":0,"ix":5},"lc":1,"lj":1,"ml":4,"bm":0,"nm":"Stroke 1","mn":"ADBE Vector Graphic - Stroke","hd":false},{"ty":"fl","c":{"a":0,"k":[0.0765,0.8235,0.6865,1],"ix":4},"o":{"a":0,"k":100,"ix":5},"r":1,"bm":0,"nm":"Fill 1","mn":"ADBE Vector Graphic - Fill","hd":false},{"ty":"tr","p":{"a":0,"k":[-38.449,-63.207],"ix":2},"a":{"a":0,"k":[0,0],"ix":1},"s":{"a":0,"k":[100,100],"ix":3},"r":{"a":0,"k":0,"ix":6},"o":{"a":0,"k":100,"ix":7},"sk":{"a":0,"k":0,"ix":4},"sa":{"a":0,"k":0,"ix":5},"nm":"Transform"}],"nm":"Polystar 1","np":3,"cix":2,"bm":0,"ix":1,"mn":"ADBE Vector Group","hd":false}],"ip":49,"op":751,"st":31,"bm":0},{"ddd":0,"ind":5,"ty":4,"nm":"Shape Layer 1","sr":1,"ks":{"o":{"a":0,"k":100,"ix":11},"r":{"a":0,"k":0,"ix":10},"p":{"a":0,"k":[110.00000000000001,202.99999999999997,0],"ix":2},"a":{"a":0,"k":[-39,-62,0],"ix":1},"s":{"a":1,"k":[{"i":{"x":[0.667,0.667,0.667],"y":[1,1,1]},"o":{"x":[0.167,0.167,0.167],"y":[0.167,0.167,10.16]},"t":60,"s":[0,0,100]},{"t":68,"s":[60.958,60.958,100]}],"ix":6}},"ao":0,"shapes":[{"ty":"gr","it":[{"ty":"sr","sy":1,"d":1,"pt":{"a":0,"k":5,"ix":3},"p":{"a":0,"k":[0,0],"ix":4},"r":{"a":0,"k":0,"ix":5},"ir":{"a":0,"k":8.661,"ix":6},"is":{"a":0,"k":0,"ix":8},"or":{"a":0,"k":17.322,"ix":7},"os":{"a":0,"k":0,"ix":9},"ix":1,"nm":"Polystar Path 1","mn":"ADBE Vector Shape - Star","hd":false},{"ty":"st","c":{"a":0,"k":[0,0.8667,0.702,1],"ix":3},"o":{"a":0,"k":100,"ix":4},"w":{"a":0,"k":0,"ix":5},"lc":1,"lj":1,"ml":4,"bm":0,"nm":"Stroke 1","mn":"ADBE Vector Graphic - Stroke","hd":false},{"ty":"fl","c":{"a":0,"k":[0.0765,0.8235,0.6865,1],"ix":4},"o":{"a":0,"k":100,"ix":5},"r":1,"bm":0,"nm":"Fill 1","mn":"ADBE Vector Graphic - Fill","hd":false},{"ty":"tr","p":{"a":0,"k":[-38.449,-63.207],"ix":2},"a":{"a":0,"k":[0,0],"ix":1},"s":{"a":0,"k":[100,100],"ix":3},"r":{"a":0,"k":0,"ix":6},"o":{"a":0,"k":100,"ix":7},"sk":{"a":0,"k":0,"ix":4},"sa":{"a":0,"k":0,"ix":5},"nm":"Transform"}],"nm":"Polystar 1","np":3,"cix":2,"bm":0,"ix":1,"mn":"ADBE Vector Group","hd":false}],"ip":59,"op":761,"st":41,"bm":0},{"ddd":0,"ind":6,"ty":4,"nm":"Shape Layer 6","sr":1,"ks":{"o":{"a":0,"k":100,"ix":11},"r":{"a":0,"k":25.673,"ix":10},"p":{"a":0,"k":[18,151,0],"ix":2},"a":{"a":0,"k":[-39,-62,0],"ix":1},"s":{"a":1,"k":[{"i":{"x":[0.667,0.667,0.667],"y":[1,1,1]},"o":{"x":[0.167,0.167,0.167],"y":[0.167,0.167,16.435]},"t":70,"s":[0,0,100]},{"i":{"x":[0.833,0.833,0.833],"y":[0.833,0.833,0.833]},"o":{"x":[0.167,0.167,0.167],"y":[0.167,0.167,0.167]},"t":77,"s":[71,71,100]},{"t":80,"s":[40.045,40.045,100]}],"ix":6}},"ao":0,"shapes":[{"ty":"gr","it":[{"ty":"sr","sy":1,"d":1,"pt":{"a":0,"k":5,"ix":3},"p":{"a":0,"k":[0,0],"ix":4},"r":{"a":0,"k":0,"ix":5},"ir":{"a":0,"k":8.661,"ix":6},"is":{"a":0,"k":0,"ix":8},"or":{"a":0,"k":17.322,"ix":7},"os":{"a":0,"k":0,"ix":9},"ix":1,"nm":"Polystar Path 1","mn":"ADBE Vector Shape - Star","hd":false},{"ty":"st","c":{"a":0,"k":[0,0.8667,0.702,1],"ix":3},"o":{"a":0,"k":100,"ix":4},"w":{"a":0,"k":0,"ix":5},"lc":1,"lj":1,"ml":4,"bm":0,"nm":"Stroke 1","mn":"ADBE Vector Graphic - Stroke","hd":false},{"ty":"fl","c":{"a":0,"k":[0.0765,0.8235,0.6865,1],"ix":4},"o":{"a":0,"k":100,"ix":5},"r":1,"bm":0,"nm":"Fill 1","mn":"ADBE Vector Graphic - Fill","hd":false},{"ty":"tr","p":{"a":0,"k":[-38.449,-63.207],"ix":2},"a":{"a":0,"k":[0,0],"ix":1},"s":{"a":0,"k":[100,100],"ix":3},"r":{"a":0,"k":0,"ix":6},"o":{"a":0,"k":100,"ix":7},"sk":{"a":0,"k":0,"ix":4},"sa":{"a":0,"k":0,"ix":5},"nm":"Transform"}],"nm":"Polystar 1","np":3,"cix":2,"bm":0,"ix":1,"mn":"ADBE Vector Group","hd":false}],"ip":69,"op":771,"st":51,"bm":0},{"ddd":0,"ind":7,"ty":4,"nm":"Coming Soon!  Outlines","sr":1,"ks":{"o":{"a":0,"k":100,"ix":11},"r":{"a":0,"k":0,"ix":10},"p":{"a":1,"k":[{"i":{"x":0.833,"y":0.833},"o":{"x":0.167,"y":0.167},"t":1,"s":[123.50000000000001,135.5,0],"to":[0,0,0],"ti":[0,0,0]},{"t":8,"s":[123.50000000000001,135.5,0]}],"ix":2},"a":{"a":0,"k":[0.97,-17.452,0],"ix":1},"s":{"a":1,"k":[{"i":{"x":[0.833,0.833,0.833],"y":[0.833,0.833,0.833]},"o":{"x":[0.167,0.167,0.167],"y":[0.167,0.167,0.167]},"t":0,"s":[82.03,82.03,100]},{"t":13,"s":[105.487,105.487,100]}],"ix":6}},"ao":0,"shapes":[{"ty":"gr","it":[{"ind":0,"ty":"sh","ix":1,"ks":{"a":0,"k":{"i":[[0,-10.555],[-11.717,0],[-2.511,1.714],[0,1.5],[0.12,-0.321],[4.484,0],[0,6.483],[-6.456,0],[-1.913,-3.054],[0,3.482],[2.391,1.607],[5.141,0]],"o":[[0,10.608],[5.32,0],[2.511,-1.714],[0,-3.482],[-1.495,3.215],[-6.456,0],[0,-6.536],[3.945,0],[0.12,0.268],[0,-1.447],[-2.451,-1.607],[-11.777,0]],"v":[[-100.301,-42.886],[-80.514,-24.83],[-68.857,-27.938],[-65.151,-33.242],[-70.411,-37.207],[-79.976,-32.01],[-91.215,-42.939],[-80.096,-53.815],[-70.65,-49.101],[-65.569,-53.119],[-69.096,-58.101],[-80.394,-60.995]],"c":true},"ix":2},"nm":"C","mn":"ADBE Vector Shape - Group","hd":false},{"ty":"fl","c":{"a":0,"k":[0.312,0.888,0.7824,1],"ix":4},"o":{"a":0,"k":100,"ix":5},"r":1,"bm":0,"nm":"Fill 1","mn":"ADBE Vector Graphic - Fill","hd":false},{"ty":"tr","p":{"a":0,"k":[0,0],"ix":2},"a":{"a":0,"k":[0,0],"ix":1},"s":{"a":0,"k":[100,100],"ix":3},"r":{"a":0,"k":0,"ix":6},"o":{"a":0,"k":100,"ix":7},"sk":{"a":0,"k":0,"ix":4},"sa":{"a":0,"k":0,"ix":5},"nm":"Transform"}],"nm":"C","np":3,"cix":2,"bm":0,"ix":1,"mn":"ADBE Vector Group","hd":false},{"ty":"gr","it":[{"ind":0,"ty":"sh","ix":1,"ks":{"a":0,"k":{"i":[[0,-8.036],[-9.266,0],[0,8.144],[9.206,0]],"o":[[0,8.251],[9.266,0],[0,-8.144],[-9.266,0]],"v":[[-62.374,-38.653],[-46.891,-24.83],[-31.289,-38.546],[-46.772,-52.315]],"c":true},"ix":2},"nm":"o","mn":"ADBE Vector Shape - Group","hd":false},{"ind":1,"ty":"sh","ix":2,"ks":{"a":0,"k":{"i":[[0,-4.608],[4.663,0],[0,4.554],[-4.723,0]],"o":[[0,4.447],[-4.723,0],[0,-4.5],[4.723,0]],"v":[[-38.761,-38.546],[-46.831,-30.777],[-54.962,-38.653],[-46.831,-46.422]],"c":true},"ix":2},"nm":"o","mn":"ADBE Vector Shape - Group","hd":false},{"ty":"mm","mm":1,"nm":"Merge Paths 1","mn":"ADBE Vector Filter - Merge","hd":false},{"ty":"fl","c":{"a":0,"k":[0.312,0.888,0.7824,1],"ix":4},"o":{"a":0,"k":100,"ix":5},"r":1,"bm":0,"nm":"Fill 1","mn":"ADBE Vector Graphic - Fill","hd":false},{"ty":"tr","p":{"a":0,"k":[0,0],"ix":2},"a":{"a":0,"k":[0,0],"ix":1},"s":{"a":0,"k":[100,100],"ix":3},"r":{"a":0,"k":0,"ix":6},"o":{"a":0,"k":100,"ix":7},"sk":{"a":0,"k":0,"ix":4},"sa":{"a":0,"k":0,"ix":5},"nm":"Transform"}],"nm":"o","np":5,"cix":2,"bm":0,"ix":2,"mn":"ADBE Vector Group","hd":false},{"ty":"gr","it":[{"ind":0,"ty":"sh","ix":1,"ks":{"a":0,"k":{"i":[[7.413,0],[1.973,-3],[4.842,0],[1.973,-2.625],[2.092,0],[0,-0.268],[0,0],[-2.272,0],[0,0],[0,2.732],[0,0],[-2.391,0],[0,-3.59],[0,0],[-2.212,0],[0,0],[0,2.732],[0,0],[-2.391,0],[0,-3.429],[0,0],[-2.272,0],[0,0],[0,2.732],[0,0]],"o":[[-4.842,0],[-1.435,-3.268],[-4.244,0],[-0.658,-3.482],[-1.674,0],[0,0],[0,2.786],[0,0],[2.152,0],[0,0],[1.196,-1.875],[3.348,0],[0,0],[0,2.786],[0,0],[2.152,0],[0,0],[1.196,-1.875],[3.407,0],[0,0],[0,2.786],[0,0],[2.152,0],[0,0],[0,-6.161]],"v":[[9.598,-52.315],[-0.206,-46.958],[-9.531,-52.315],[-18.558,-47.708],[-23.58,-51.994],[-26.748,-51.137],[-26.748,-28.956],[-22.922,-25.366],[-22.025,-25.366],[-18.319,-28.956],[-18.319,-42.779],[-12.58,-45.993],[-7.559,-40.582],[-7.559,-28.956],[-3.733,-25.366],[-2.836,-25.366],[0.87,-28.956],[0.87,-42.779],[6.609,-45.993],[11.691,-40.743],[11.691,-28.956],[15.517,-25.366],[16.413,-25.366],[20.12,-28.956],[20.12,-41.921]],"c":true},"ix":2},"nm":"m","mn":"ADBE Vector Shape - Group","hd":false},{"ty":"fl","c":{"a":0,"k":[0.312,0.888,0.7824,1],"ix":4},"o":{"a":0,"k":100,"ix":5},"r":1,"bm":0,"nm":"Fill 1","mn":"ADBE Vector Graphic - Fill","hd":false},{"ty":"tr","p":{"a":0,"k":[0,0],"ix":2},"a":{"a":0,"k":[0,0],"ix":1},"s":{"a":0,"k":[100,100],"ix":3},"r":{"a":0,"k":0,"ix":6},"o":{"a":0,"k":100,"ix":7},"sk":{"a":0,"k":0,"ix":4},"sa":{"a":0,"k":0,"ix":5},"nm":"Transform"}],"nm":"m","np":3,"cix":2,"bm":0,"ix":3,"mn":"ADBE Vector Group","hd":false},{"ty":"gr","it":[{"ind":0,"ty":"sh","ix":1,"ks":{"a":0,"k":{"i":[[0,-2.411],[-2.869,0],[0,2.411],[2.929,0]],"o":[[0,2.411],[2.989,0],[0,-2.411],[-2.929,0]],"v":[[25.486,-59.762],[30.209,-55.851],[34.932,-59.762],[30.209,-63.673]],"c":true},"ix":2},"nm":"i","mn":"ADBE Vector Shape - Group","hd":false},{"ind":1,"ty":"sh","ix":2,"ks":{"a":0,"k":{"i":[[0,0],[-2.272,0],[0,0],[0,2.732],[0,0],[2.212,0],[0,0],[0,-2.732]],"o":[[0,2.786],[0,0],[2.212,0],[0,0],[0,-2.786],[0,0],[-2.152,0],[0,0]],"v":[[25.965,-28.956],[29.791,-25.366],[30.627,-25.366],[34.394,-28.956],[34.394,-48.351],[30.627,-51.994],[29.731,-51.994],[25.965,-48.351]],"c":true},"ix":2},"nm":"i","mn":"ADBE Vector Shape - Group","hd":false},{"ty":"mm","mm":1,"nm":"Merge Paths 1","mn":"ADBE Vector Filter - Merge","hd":false},{"ty":"fl","c":{"a":0,"k":[0.312,0.888,0.7824,1],"ix":4},"o":{"a":0,"k":100,"ix":5},"r":1,"bm":0,"nm":"Fill 1","mn":"ADBE Vector Graphic - Fill","hd":false},{"ty":"tr","p":{"a":0,"k":[0,0],"ix":2},"a":{"a":0,"k":[0,0],"ix":1},"s":{"a":0,"k":[100,100],"ix":3},"r":{"a":0,"k":0,"ix":6},"o":{"a":0,"k":100,"ix":7},"sk":{"a":0,"k":0,"ix":4},"sa":{"a":0,"k":0,"ix":5},"nm":"Transform"}],"nm":"i","np":5,"cix":2,"bm":0,"ix":4,"mn":"ADBE Vector Group","hd":false},{"ty":"gr","it":[{"ind":0,"ty":"sh","ix":1,"ks":{"a":0,"k":{"i":[[7.592,0],[2.092,-2.786],[2.272,0],[0,-0.268],[0,0],[-2.272,0],[0,0],[0,2.732],[0,0],[-2.929,0],[0,-3.482],[0,0],[-2.212,0],[0,0],[0,2.732],[0,0]],"o":[[-4.484,0],[-0.478,-3.375],[-1.674,0],[0,0],[0,2.786],[0,0],[2.152,0],[0,0],[1.196,-2.036],[3.407,0],[0,0],[0,2.786],[0,0],[2.152,0],[0,0],[0,-5.947]],"v":[[58.617,-52.315],[48.993,-47.6],[43.971,-51.994],[40.803,-51.137],[40.803,-28.956],[44.629,-25.366],[45.525,-25.366],[49.232,-28.956],[49.232,-42.564],[55.628,-45.993],[61.008,-40.368],[61.008,-28.956],[64.775,-25.366],[65.671,-25.366],[69.438,-28.956],[69.438,-41.546]],"c":true},"ix":2},"nm":"n","mn":"ADBE Vector Shape - Group","hd":false},{"ty":"fl","c":{"a":0,"k":[0.312,0.888,0.7824,1],"ix":4},"o":{"a":0,"k":100,"ix":5},"r":1,"bm":0,"nm":"Fill 1","mn":"ADBE Vector Graphic - Fill","hd":false},{"ty":"tr","p":{"a":0,"k":[0,0],"ix":2},"a":{"a":0,"k":[0,0],"ix":1},"s":{"a":0,"k":[100,100],"ix":3},"r":{"a":0,"k":0,"ix":6},"o":{"a":0,"k":100,"ix":7},"sk":{"a":0,"k":0,"ix":4},"sa":{"a":0,"k":0,"ix":5},"nm":"Transform"}],"nm":"n","np":3,"cix":2,"bm":0,"ix":5,"mn":"ADBE Vector Group","hd":false},{"ty":"gr","it":[{"ind":0,"ty":"sh","ix":1,"ks":{"a":0,"k":{"i":[[-10.402,0],[0,5.036],[4.125,0.964],[0.418,1.286],[-0.06,0.321],[-0.418,0],[0,5.411],[1.614,1.607],[0,0],[2.989,0],[1.136,-1.875],[0,0],[2.272,0],[0,-5.626],[-5.022,-1.286],[0,-1.232],[-0.658,-0.589],[0,-3.697]],"o":[[9.983,0],[0,-4.393],[-4.065,-0.964],[-0.299,-0.268],[0.418,0],[7.592,-0.161],[0,-2.197],[0,0],[0.179,-0.107],[-1.793,0],[0,0],[-1.853,-0.75],[-7.712,0],[0,4.125],[-1.196,0.697],[0,1.018],[-5.261,0.696],[0,4.822]],"v":[[86.948,-14.276],[102.67,-22.527],[94.241,-29.867],[87.247,-32.278],[86.828,-33.135],[88.024,-33.188],[100.578,-42.511],[98.007,-48.297],[103.029,-52.744],[98.904,-55.905],[94.719,-53.28],[93.404,-51.083],[87.187,-52.315],[73.916,-42.404],[81.926,-33.778],[79.894,-30.777],[80.97,-28.366],[71.883,-21.455]],"c":true},"ix":2},"nm":"g","mn":"ADBE Vector Shape - Group","hd":false},{"ind":1,"ty":"sh","ix":2,"ks":{"a":0,"k":{"i":[[3.288,0],[0,3],[-3.228,0],[0,-3]],"o":[[-3.288,0],[0,-3],[3.407,0],[0,3]],"v":[[87.247,-37.474],[81.567,-42.511],[87.127,-47.493],[92.866,-42.511]],"c":true},"ix":2},"nm":"g","mn":"ADBE Vector Shape - Group","hd":false},{"ind":2,"ty":"sh","ix":3,"ks":{"a":0,"k":{"i":[[4.962,0],[0,1.982],[-4.304,0.268],[-0.837,-0.161],[0,-1.714]],"o":[[-4.962,0],[0,-2.25],[0.956,0.161],[2.75,0.643],[0,2.143]],"v":[[87.127,-18.401],[79.654,-21.509],[87.247,-25.366],[89.937,-24.83],[94.779,-21.777]],"c":true},"ix":2},"nm":"g","mn":"ADBE Vector Shape - Group","hd":false},{"ty":"mm","mm":1,"nm":"Merge Paths 1","mn":"ADBE Vector Filter - Merge","hd":false},{"ty":"fl","c":{"a":0,"k":[0.312,0.888,0.7824,1],"ix":4},"o":{"a":0,"k":100,"ix":5},"r":1,"bm":0,"nm":"Fill 1","mn":"ADBE Vector Graphic - Fill","hd":false},{"ty":"tr","p":{"a":0,"k":[0,0],"ix":2},"a":{"a":0,"k":[0,0],"ix":1},"s":{"a":0,"k":[100,100],"ix":3},"r":{"a":0,"k":0,"ix":6},"o":{"a":0,"k":100,"ix":7},"sk":{"a":0,"k":0,"ix":4},"sa":{"a":0,"k":0,"ix":5},"nm":"Transform"}],"nm":"g","np":6,"cix":2,"bm":0,"ix":6,"mn":"ADBE Vector Group","hd":false},{"ty":"gr","it":[{"ind":0,"ty":"sh","ix":1,"ks":{"a":0,"k":{"i":[[-1.674,-1.179],[-5.978,0],[0,6.911],[6.994,1.393],[0,3],[-4.185,0],[-2.272,-2.411],[0,2.465],[1.853,1.125],[5.201,0],[0,-6.429],[-6.157,-1.232],[0,-3.107],[4.603,0],[2.331,2.465],[0,-2.197]],"o":[[2.331,1.768],[10.163,0],[0,-6.536],[-4.782,-0.964],[0,-2.518],[4.125,0],[0.179,0.161],[0,-1.286],[-2.212,-1.447],[-9.326,0],[0,7.126],[4.543,0.911],[0,2.679],[-4.723,0],[-0.299,-0.268],[0,1.286]],"v":[[-72.45,22.019],[-59.956,25.18],[-44.114,14.25],[-57.206,3.749],[-65.455,-0.644],[-58.76,-4.716],[-48.478,-0.484],[-45.01,-4.609],[-47.701,-8.413],[-58.82,-10.985],[-73.884,-0.323],[-61.39,10.071],[-52.961,14.732],[-60.015,18.911],[-71.493,14.25],[-74.841,18.161]],"c":true},"ix":2},"nm":"S","mn":"ADBE Vector Shape - Group","hd":false},{"ty":"fl","c":{"a":0,"k":[0.312,0.888,0.7824,1],"ix":4},"o":{"a":0,"k":100,"ix":5},"r":1,"bm":0,"nm":"Fill 1","mn":"ADBE Vector Graphic - Fill","hd":false},{"ty":"tr","p":{"a":0,"k":[0,0],"ix":2},"a":{"a":0,"k":[0,0],"ix":1},"s":{"a":0,"k":[100,100],"ix":3},"r":{"a":0,"k":0,"ix":6},"o":{"a":0,"k":100,"ix":7},"sk":{"a":0,"k":0,"ix":4},"sa":{"a":0,"k":0,"ix":5},"nm":"Transform"}],"nm":"S","np":3,"cix":2,"bm":0,"ix":7,"mn":"ADBE Vector Group","hd":false},{"ty":"gr","it":[{"ind":0,"ty":"sh","ix":1,"ks":{"a":0,"k":{"i":[[0,-8.036],[-9.266,0],[0,8.144],[9.206,0]],"o":[[0,8.251],[9.266,0],[0,-8.144],[-9.266,0]],"v":[[-41.005,11.357],[-25.522,25.18],[-9.919,11.464],[-25.403,-2.305]],"c":true},"ix":2},"nm":"o","mn":"ADBE Vector Shape - Group","hd":false},{"ind":1,"ty":"sh","ix":2,"ks":{"a":0,"k":{"i":[[0,-4.608],[4.663,0],[0,4.554],[-4.723,0]],"o":[[0,4.447],[-4.723,0],[0,-4.5],[4.723,0]],"v":[[-17.392,11.464],[-25.462,19.233],[-33.592,11.357],[-25.462,3.588]],"c":true},"ix":2},"nm":"o","mn":"ADBE Vector Shape - Group","hd":false},{"ty":"mm","mm":1,"nm":"Merge Paths 1","mn":"ADBE Vector Filter - Merge","hd":false},{"ty":"fl","c":{"a":0,"k":[0.312,0.888,0.7824,1],"ix":4},"o":{"a":0,"k":100,"ix":5},"r":1,"bm":0,"nm":"Fill 1","mn":"ADBE Vector Graphic - Fill","hd":false},{"ty":"tr","p":{"a":0,"k":[0,0],"ix":2},"a":{"a":0,"k":[0,0],"ix":1},"s":{"a":0,"k":[100,100],"ix":3},"r":{"a":0,"k":0,"ix":6},"o":{"a":0,"k":100,"ix":7},"sk":{"a":0,"k":0,"ix":4},"sa":{"a":0,"k":0,"ix":5},"nm":"Transform"}],"nm":"o","np":5,"cix":2,"bm":0,"ix":8,"mn":"ADBE Vector Group","hd":false},{"ty":"gr","it":[{"ind":0,"ty":"sh","ix":1,"ks":{"a":0,"k":{"i":[[0,-8.036],[-9.266,0],[0,8.144],[9.206,0]],"o":[[0,8.251],[9.266,0],[0,-8.144],[-9.266,0]],"v":[[-6.873,11.357],[8.61,25.18],[24.212,11.464],[8.729,-2.305]],"c":true},"ix":2},"nm":"o","mn":"ADBE Vector Shape - Group","hd":false},{"ind":1,"ty":"sh","ix":2,"ks":{"a":0,"k":{"i":[[0,-4.608],[4.663,0],[0,4.554],[-4.723,0]],"o":[[0,4.447],[-4.723,0],[0,-4.5],[4.723,0]],"v":[[16.74,11.464],[8.669,19.233],[0.539,11.357],[8.669,3.588]],"c":true},"ix":2},"nm":"o","mn":"ADBE Vector Shape - Group","hd":false},{"ty":"mm","mm":1,"nm":"Merge Paths 1","mn":"ADBE Vector Filter - Merge","hd":false},{"ty":"fl","c":{"a":0,"k":[0.312,0.888,0.7824,1],"ix":4},"o":{"a":0,"k":100,"ix":5},"r":1,"bm":0,"nm":"Fill 1","mn":"ADBE Vector Graphic - Fill","hd":false},{"ty":"tr","p":{"a":0,"k":[0,0],"ix":2},"a":{"a":0,"k":[0,0],"ix":1},"s":{"a":0,"k":[100,100],"ix":3},"r":{"a":0,"k":0,"ix":6},"o":{"a":0,"k":100,"ix":7},"sk":{"a":0,"k":0,"ix":4},"sa":{"a":0,"k":0,"ix":5},"nm":"Transform"}],"nm":"o","np":5,"cix":2,"bm":0,"ix":9,"mn":"ADBE Vector Group","hd":false},{"ty":"gr","it":[{"ind":0,"ty":"sh","ix":1,"ks":{"a":0,"k":{"i":[[7.592,0],[2.092,-2.786],[2.272,0],[0,-0.268],[0,0],[-2.272,0],[0,0],[0,2.732],[0,0],[-2.929,0],[0,-3.482],[0,0],[-2.212,0],[0,0],[0,2.732],[0,0]],"o":[[-4.484,0],[-0.478,-3.375],[-1.674,0],[0,0],[0,2.786],[0,0],[2.152,0],[0,0],[1.196,-2.036],[3.407,0],[0,0],[0,2.786],[0,0],[2.152,0],[0,0],[0,-5.947]],"v":[[46.567,-2.305],[36.943,2.41],[31.921,-1.984],[28.753,-1.127],[28.753,21.054],[32.579,24.644],[33.476,24.644],[37.182,21.054],[37.182,7.446],[43.578,4.017],[48.959,9.642],[48.959,21.054],[52.725,24.644],[53.622,24.644],[57.388,21.054],[57.388,8.464]],"c":true},"ix":2},"nm":"n","mn":"ADBE Vector Shape - Group","hd":false},{"ty":"fl","c":{"a":0,"k":[0.312,0.888,0.7824,1],"ix":4},"o":{"a":0,"k":100,"ix":5},"r":1,"bm":0,"nm":"Fill 1","mn":"ADBE Vector Graphic - Fill","hd":false},{"ty":"tr","p":{"a":0,"k":[0,0],"ix":2},"a":{"a":0,"k":[0,0],"ix":1},"s":{"a":0,"k":[100,100],"ix":3},"r":{"a":0,"k":0,"ix":6},"o":{"a":0,"k":100,"ix":7},"sk":{"a":0,"k":0,"ix":4},"sa":{"a":0,"k":0,"ix":5},"nm":"Transform"}],"nm":"n","np":3,"cix":2,"bm":0,"ix":10,"mn":"ADBE Vector Group","hd":false},{"ty":"gr","it":[{"ind":0,"ty":"sh","ix":1,"ks":{"a":0,"k":{"i":[[-1.136,0],[0,0],[-0.359,1.607],[0,0],[3.168,0],[0,0],[-0.658,-3],[0,0]],"o":[[0,0],[1.255,0],[0,0],[0.717,-3],[0,0],[-2.989,0],[0,0],[0.418,1.607]],"v":[[67.784,13.661],[68.681,13.661],[70.833,11.25],[73.224,-5.948],[68.98,-10.717],[67.425,-10.717],[63.301,-5.948],[65.692,11.25]],"c":true},"ix":2},"nm":"!","mn":"ADBE Vector Shape - Group","hd":false},{"ind":1,"ty":"sh","ix":2,"ks":{"a":0,"k":{"i":[[-2.63,0],[0,0],[0,2.357],[0,0],[2.75,0],[0,0],[0,-2.357],[0,0]],"o":[[0,0],[2.75,0],[0,0],[0,-2.357],[0,0],[-2.63,0],[0,0],[0,2.357]],"v":[[67.724,24.858],[68.741,24.858],[72.806,21.269],[72.806,20.518],[68.741,16.929],[67.724,16.929],[63.719,20.518],[63.719,21.269]],"c":true},"ix":2},"nm":"!","mn":"ADBE Vector Shape - Group","hd":false},{"ty":"mm","mm":1,"nm":"Merge Paths 1","mn":"ADBE Vector Filter - Merge","hd":false},{"ty":"fl","c":{"a":0,"k":[0.312,0.888,0.7824,1],"ix":4},"o":{"a":0,"k":100,"ix":5},"r":1,"bm":0,"nm":"Fill 1","mn":"ADBE Vector Graphic - Fill","hd":false},{"ty":"tr","p":{"a":0,"k":[0,0],"ix":2},"a":{"a":0,"k":[0,0],"ix":1},"s":{"a":0,"k":[100,100],"ix":3},"r":{"a":0,"k":0,"ix":6},"o":{"a":0,"k":100,"ix":7},"sk":{"a":0,"k":0,"ix":4},"sa":{"a":0,"k":0,"ix":5},"nm":"Transform"}],"nm":"!","np":5,"cix":2,"bm":0,"ix":11,"mn":"ADBE Vector Group","hd":false}],"ip":0,"op":720,"st":0,"bm":0}],"markers":[]}